{
  "daisy": {
    "precision": 0.7101449275362319,
    "recall": 0.7777777777777778,
    "f1-score": 0.7424242424242424,
    "support": 63.0
  },
  "dandelion": {
    "precision": 0.8571428571428571,
    "recall": 0.6666666666666666,
    "f1-score": 0.75,
    "support": 90.0
  },
  "roses": {
    "precision": 0.6744186046511628,
    "recall": 0.453125,
    "f1-score": 0.5420560747663551,
    "support": 64.0
  },
  "sunflowers": {
    "precision": 0.6633663366336634,
    "recall": 0.9571428571428572,
    "f1-score": 0.783625730994152,
    "support": 70.0
  },
  "tulips": {
    "precision": 0.6904761904761905,
    "recall": 0.725,
    "f1-score": 0.7073170731707317,
    "support": 80.0
  },
  "accuracy": 0.7166212534059946,
  "macro avg": {
    "precision": 0.7191097832880212,
    "recall": 0.7159424603174603,
    "f1-score": 0.7050846242710962,
    "support": 367.0
  },
  "weighted avg": {
    "precision": 0.7267534525279723,
    "recall": 0.7166212534059946,
    "f1-score": 0.7095462754251313,
    "support": 367.0
  }
}