{
  "daisy": {
    "precision": 0.6666666666666666,
    "recall": 0.6349206349206349,
    "f1-score": 0.6504065040650406,
    "support": 63.0
  },
  "dandelion": {
    "precision": 0.7102803738317757,
    "recall": 0.8444444444444444,
    "f1-score": 0.7715736040609137,
    "support": 90.0
  },
  "roses": {
    "precision": 0.5789473684210527,
    "recall": 0.515625,
    "f1-score": 0.5454545454545454,
    "support": 64.0
  },
  "sunflowers": {
    "precision": 0.8983050847457628,
    "recall": 0.7571428571428571,
    "f1-score": 0.8217054263565892,
    "support": 70.0
  },
  "tulips": {
    "precision": 0.6071428571428571,
    "recall": 0.6375,
    "f1-score": 0.6219512195121951,
    "support": 80.0
  },
  "accuracy": 0.6893732970027248,
  "macro avg": {
    "precision": 0.692268470161623,
    "recall": 0.6779265873015874,
    "f1-score": 0.6822182598898568,
    "support": 367.0
  },
  "weighted avg": {
    "precision": 0.6932715251428859,
    "recall": 0.6893732970027248,
    "f1-score": 0.6882882900180042,
    "support": 367.0
  }
}