{
  "daisy": {
    "precision": 0.95,
    "recall": 0.9047619047619048,
    "f1-score": 0.926829268292683,
    "support": 63.0
  },
  "dandelion": {
    "precision": 0.9239130434782609,
    "recall": 0.9444444444444444,
    "f1-score": 0.9340659340659341,
    "support": 90.0
  },
  "roses": {
    "precision": 0.9,
    "recall": 0.84375,
    "f1-score": 0.8709677419354839,
    "support": 64.0
  },
  "sunflowers": {
    "precision": 0.9066666666666666,
    "recall": 0.9714285714285714,
    "f1-score": 0.9379310344827586,
    "support": 70.0
  },
  "tulips": {
    "precision": 0.85,
    "recall": 0.85,
    "f1-score": 0.85,
    "support": 80.0
  },
  "accuracy": 0.9046321525885559,
  "macro avg": {
    "precision": 0.9061159420289855,
    "recall": 0.9028769841269841,
    "f1-score": 0.9039587957553719,
    "support": 367.0
  },
  "weighted avg": {
    "precision": 0.9048197291000276,
    "recall": 0.9046321525885559,
    "f1-score": 0.9042323865559595,
    "support": 367.0
  }
}